{"Mean":{"confidence_interval":{"confidence_level":0.95,"lower_bound":249267427.666277,"upper_bound":252912056.90383065},"point_estimate":251082004.11894548,"standard_error":927429.6210080372},"Median":{"confidence_interval":{"confidence_level":0.95,"lower_bound":246503474.26136363,"upper_bound":255469223.0},"point_estimate":250932049.78448278,"standard_error":2652429.4473588867},"MedianAbsDev":{"confidence_interval":{"confidence_level":0.95,"lower_bound":9706758.735732213,"upper_bound":13787277.940846834},"point_estimate":11631821.335801145,"standard_error":1033796.3946926125},"Slope":{"confidence_interval":{"confidence_level":0.95,"lower_bound":247623831.7815017,"upper_bound":251712079.08194783},"point_estimate":249614524.64924783,"standard_error":1044301.6525537699},"StdDev":{"confidence_interval":{"confidence_level":0.95,"lower_bound":8418494.541289384,"upper_bound":10130908.532791143},"point_estimate":9333124.319311338,"standard_error":437801.36607021856}}