{"Mean":{"confidence_interval":{"confidence_level":0.95,"lower_bound":607398.6761118204,"upper_bound":629754.31182461},"point_estimate":617660.4854734354,"standard_error":5712.388433800436},"Median":{"confidence_interval":{"confidence_level":0.95,"lower_bound":595217.6363636364,"upper_bound":601878.6428571428},"point_estimate":598500.4885338346,"standard_error":1534.5279243348868},"MedianAbsDev":{"confidence_interval":{"confidence_level":0.95,"lower_bound":8383.64556717879,"upper_bound":15216.490051804472},"point_estimate":11837.433559063218,"standard_error":1645.1856037320624},"Slope":{"confidence_interval":{"confidence_level":0.95,"lower_bound":603880.7365678878,"upper_bound":616996.006568011},"point_estimate":609894.2665346535,"standard_error":3352.935355927455},"StdDev":{"confidence_interval":{"confidence_level":0.95,"lower_bound":34330.34703596193,"upper_bound":77291.3020282363},"point_estimate":57257.61475894227,"standard_error":10993.792766938304}}