{"Mean":{"confidence_interval":{"confidence_level":0.95,"lower_bound":19756111.88087427,"upper_bound":20325360.049022876},"point_estimate":20024874.13165133,"standard_error":146037.9753837104},"Median":{"confidence_interval":{"confidence_level":0.95,"lower_bound":19296185.89649123,"upper_bound":20058166.76470588},"point_estimate":19518912.31014493,"standard_error":181767.3405405135},"MedianAbsDev":{"confidence_interval":{"confidence_level":0.95,"lower_bound":652792.9952931497,"upper_bound":1400270.466250645},"point_estimate":962629.1271921422,"standard_error":175431.06663807822},"Slope":{"confidence_interval":{"confidence_level":0.95,"lower_bound":19896570.963290647,"upper_bound":20944368.15180522},"point_estimate":20356451.775055416,"standard_error":269771.9649050897},"StdDev":{"confidence_interval":{"confidence_level":0.95,"lower_bound":1032226.0824492141,"upper_bound":1946957.2130574195},"point_estimate":1466304.2778547832,"standard_error":248007.7347881785}}