{"Mean":{"confidence_interval":{"confidence_level":0.95,"lower_bound":806336.1001628529,"upper_bound":814148.0490125157},"point_estimate":810015.8350135243,"standard_error":2002.043280909773},"Median":{"confidence_interval":{"confidence_level":0.95,"lower_bound":802823.6911764706,"upper_bound":805962.5464285715},"point_estimate":804693.887745098,"standard_error":836.7128965270178},"MedianAbsDev":{"confidence_interval":{"confidence_level":0.95,"lower_bound":5618.13345275817,"upper_bound":11403.507984085694},"point_estimate":8118.07535925766,"standard_error":1532.013379384916},"Slope":{"confidence_interval":{"confidence_level":0.95,"lower_bound":806597.9523567687,"upper_bound":816402.2679631531},"point_estimate":811102.9741465937,"standard_error":2506.841416947855},"StdDev":{"confidence_interval":{"confidence_level":0.95,"lower_bound":13673.804450654156,"upper_bound":25396.777728777295},"point_estimate":20139.365150124693,"standard_error":2981.359149492341}}