{"Mean":{"confidence_interval":{"confidence_level":0.95,"lower_bound":20062985.674213134,"upper_bound":20513345.866073158},"point_estimate":20286921.573675424,"standard_error":114966.02240038794},"Median":{"confidence_interval":{"confidence_level":0.95,"lower_bound":19942773.302688174,"upper_bound":20521875.487040132},"point_estimate":20175455.62658228,"standard_error":156631.63194267108},"MedianAbsDev":{"confidence_interval":{"confidence_level":0.95,"lower_bound":968251.5539749179,"upper_bound":1568468.4951551766},"point_estimate":1329787.8470496978,"standard_error":156942.36475931632},"Slope":{"confidence_interval":{"confidence_level":0.95,"lower_bound":20139611.563906725,"upper_bound":20701676.322532516},"point_estimate":20411868.9855416,"standard_error":143851.211869403},"StdDev":{"confidence_interval":{"confidence_level":0.95,"lower_bound":1002861.2676662251,"upper_bound":1290561.4821150454},"point_estimate":1154649.1567290253,"standard_error":73464.42440498964}}