{"Mean":{"confidence_interval":{"confidence_level":0.95,"lower_bound":24736578.605116703,"upper_bound":25282823.15624815},"point_estimate":24995911.75950251,"standard_error":139520.8708047007},"Median":{"confidence_interval":{"confidence_level":0.95,"lower_bound":24331474.953488372,"upper_bound":24880422.369863015},"point_estimate":24477017.66287879,"standard_error":131709.84529607455},"MedianAbsDev":{"confidence_interval":{"confidence_level":0.95,"lower_bound":653548.2874850522,"upper_bound":1187300.7881297988},"point_estimate":860161.6889189959,"standard_error":134787.087241347},"Slope":{"confidence_interval":{"confidence_level":0.95,"lower_bound":24691096.866235305,"upper_bound":25161099.572234817},"point_estimate":24907761.715747006,"standard_error":120231.76094445614},"StdDev":{"confidence_interval":{"confidence_level":0.95,"lower_bound":1019066.9960117097,"upper_bound":1760436.991046927},"point_estimate":1397970.5750215154,"standard_error":191753.6211971622}}