{"Mean":{"confidence_interval":{"confidence_level":0.95,"lower_bound":2178542.0979314926,"upper_bound":2229334.224865804},"point_estimate":2202297.780112467,"standard_error":13002.409362087963},"Median":{"confidence_interval":{"confidence_level":0.95,"lower_bound":2138512.5810751105,"upper_bound":2167457.5542168673},"point_estimate":2155160.676754386,"standard_error":7437.571439007837},"MedianAbsDev":{"confidence_interval":{"confidence_level":0.95,"lower_bound":25355.881884843133,"upper_bound":63247.20493573895},"point_estimate":46827.05200187315,"standard_error":9508.777874918736},"Slope":{"confidence_interval":{"confidence_level":0.95,"lower_bound":2160110.4737693225,"upper_bound":2198067.5642224923},"point_estimate":2176843.1629377864,"standard_error":9703.454237170365},"StdDev":{"confidence_interval":{"confidence_level":0.95,"lower_bound":86839.71362412887,"upper_bound":167381.58583334074},"point_estimate":130332.676529931,"standard_error":20558.560899366017}}