{"Mean":{"confidence_interval":{"confidence_level":0.95,"lower_bound":44977380.520463035,"upper_bound":45183643.735884815},"point_estimate":45077814.7574987,"standard_error":52462.70143215099},"Median":{"confidence_interval":{"confidence_level":0.95,"lower_bound":44964510.397435896,"upper_bound":45103224.54227941},"point_estimate":45015481.94364786,"standard_error":35899.30380800931},"MedianAbsDev":{"confidence_interval":{"confidence_level":0.95,"lower_bound":290722.20108972676,"upper_bound":555667.8635514341},"point_estimate":428137.3973263586,"standard_error":67482.69273731536},"Slope":{"confidence_interval":{"confidence_level":0.95,"lower_bound":44892909.13005145,"upper_bound":45054766.74526153},"point_estimate":44970851.20990395,"standard_error":41275.56465302243},"StdDev":{"confidence_interval":{"confidence_level":0.95,"lower_bound":401295.1154969389,"upper_bound":654368.6939857445},"point_estimate":525760.4833129108,"standard_error":65619.16641267942}}