{"Mean":{"confidence_interval":{"confidence_level":0.95,"lower_bound":1955377.8463281062,"upper_bound":2030469.2411848884},"point_estimate":1988337.2781206756,"standard_error":19250.94357698605},"Median":{"confidence_interval":{"confidence_level":0.95,"lower_bound":1923180.2307692308,"upper_bound":1933852.148148148},"point_estimate":1928239.1116033755,"standard_error":2591.963867697559},"MedianAbsDev":{"confidence_interval":{"confidence_level":0.95,"lower_bound":15323.405841893324,"upper_bound":29934.591242117203},"point_estimate":22263.250973453396,"standard_error":3779.4678176679854},"Slope":{"confidence_interval":{"confidence_level":0.95,"lower_bound":1941508.892863423,"upper_bound":2032607.7282140404},"point_estimate":1977859.4050657602,"standard_error":23912.365585628893},"StdDev":{"confidence_interval":{"confidence_level":0.95,"lower_bound":88710.36319474959,"upper_bound":287159.2829153978},"point_estimate":193942.611980908,"standard_error":52104.0561450193}}