{"Mean":{"confidence_interval":{"confidence_level":0.95,"lower_bound":452027.3709929981,"upper_bound":455981.38018219196},"point_estimate":453877.91716598487,"standard_error":1008.5571257337064},"Median":{"confidence_interval":{"confidence_level":0.95,"lower_bound":450589.1274509804,"upper_bound":452493.4183673469},"point_estimate":451237.2719402985,"standard_error":550.6755583390608},"MedianAbsDev":{"confidence_interval":{"confidence_level":0.95,"lower_bound":3546.9091696895766,"upper_bound":5714.705921116469},"point_estimate":4549.657774683159,"standard_error":544.2363353853875},"Slope":{"confidence_interval":{"confidence_level":0.95,"lower_bound":453204.4257228268,"upper_bound":457422.6886304115},"point_estimate":455133.3506044037,"standard_error":1076.1479448055652},"StdDev":{"confidence_interval":{"confidence_level":0.95,"lower_bound":6873.455229770042,"upper_bound":12893.163701797124},"point_estimate":10127.775244136712,"standard_error":1535.617081193386}}