{"Mean":{"confidence_interval":{"confidence_level":0.95,"lower_bound":64216880.33179646,"upper_bound":66047484.08460011},"point_estimate":65076143.06677426,"standard_error":469482.56932995253},"Median":{"confidence_interval":{"confidence_level":0.95,"lower_bound":62293484.35294118,"upper_bound":65163998.428571425},"point_estimate":62910567.61094378,"standard_error":724095.203189266},"MedianAbsDev":{"confidence_interval":{"confidence_level":0.95,"lower_bound":1254570.8269328587,"upper_bound":4781029.705156865},"point_estimate":2156058.5838885955,"standard_error":912665.7824295546},"Slope":{"confidence_interval":{"confidence_level":0.95,"lower_bound":62544755.62450838,"upper_bound":63542216.492351204},"point_estimate":62988953.6519137,"standard_error":254696.24441136737},"StdDev":{"confidence_interval":{"confidence_level":0.95,"lower_bound":3214546.7142482754,"upper_bound":6177183.142084363},"point_estimate":4710712.1647002455,"standard_error":767805.2005207307}}