{"Mean":{"confidence_interval":{"confidence_level":0.95,"lower_bound":5888552.88658522,"upper_bound":6098450.187797012},"point_estimate":5988482.887604999,"standard_error":53779.972982503175},"Median":{"confidence_interval":{"confidence_level":0.95,"lower_bound":5682741.708333333,"upper_bound":5909131.7272727275},"point_estimate":5778966.953746531,"standard_error":54700.348888409746},"MedianAbsDev":{"confidence_interval":{"confidence_level":0.95,"lower_bound":189733.64363655398,"upper_bound":471072.78864710935},"point_estimate":325634.88339395344,"standard_error":67011.50309683937},"Slope":{"confidence_interval":{"confidence_level":0.95,"lower_bound":5786474.1893910915,"upper_bound":5967238.730501893},"point_estimate":5869856.153471258,"standard_error":46275.17340283987},"StdDev":{"confidence_interval":{"confidence_level":0.95,"lower_bound":411136.2835635424,"upper_bound":657711.2185354584},"point_estimate":540318.5712000767,"standard_error":63263.00011682163}}