{"Mean":{"confidence_interval":{"confidence_level":0.95,"lower_bound":1130642.9219631278,"upper_bound":1146933.6243394748},"point_estimate":1138275.9717134552,"standard_error":4163.986772495062},"Median":{"confidence_interval":{"confidence_level":0.95,"lower_bound":1121033.5909090908,"upper_bound":1128021.423611111},"point_estimate":1123962.8816060398,"standard_error":1599.4588097732621},"MedianAbsDev":{"confidence_interval":{"confidence_level":0.95,"lower_bound":9317.703369370076,"upper_bound":17764.58737779271},"point_estimate":12673.840962199094,"standard_error":2163.475527699747},"Slope":{"confidence_interval":{"confidence_level":0.95,"lower_bound":1132179.638960356,"upper_bound":1150381.312488835},"point_estimate":1140724.6148248855,"standard_error":4654.660130290587},"StdDev":{"confidence_interval":{"confidence_level":0.95,"lower_bound":27426.44379481615,"upper_bound":54257.3084303533},"point_estimate":41878.005238507976,"standard_error":6845.423154709566}}