{"mean":{"confidence_interval":{"confidence_level":0.95,"lower_bound":477664.87961666664,"upper_bound":483944.0316833334},"point_estimate":480737.1546666665,"standard_error":1602.059424318823},"median":{"confidence_interval":{"confidence_level":0.95,"lower_bound":474947.5333333333,"upper_bound":483481.0},"point_estimate":478286.76666666666,"standard_error":2355.3845138866814},"median_abs_dev":{"confidence_interval":{"confidence_level":0.95,"lower_bound":11892.922788858443,"upper_bound":18391.850353479338},"point_estimate":14933.142294883723,"standard_error":1726.9075139021097},"slope":null,"std_dev":{"confidence_interval":{"confidence_level":0.95,"lower_bound":13179.431358200873,"upper_bound":18881.130313194484},"point_estimate":16147.359822357077,"standard_error":1463.1923997283143}}