{"Mean":{"confidence_interval":{"confidence_level":0.95,"lower_bound":11442327.015911626,"upper_bound":11752549.843150439},"point_estimate":11593878.270526323,"standard_error":78765.29073931038},"Median":{"confidence_interval":{"confidence_level":0.95,"lower_bound":11246271.0,"upper_bound":11671606.224747475},"point_estimate":11427455.604449473,"standard_error":131426.82778145472},"MedianAbsDev":{"confidence_interval":{"confidence_level":0.95,"lower_bound":603603.5625461404,"upper_bound":917742.7598223452},"point_estimate":767055.8680816109,"standard_error":81131.61572755195},"Slope":{"confidence_interval":{"confidence_level":0.95,"lower_bound":11522451.462620769,"upper_bound":11805614.876105102},"point_estimate":11665039.456769617,"standard_error":72177.21003311111},"StdDev":{"confidence_interval":{"confidence_level":0.95,"lower_bound":669779.5692385755,"upper_bound":891061.2717460094},"point_estimate":790662.4110440499,"standard_error":56511.433242000116}}