{"Mean":{"confidence_interval":{"confidence_level":0.95,"lower_bound":963775.7919044675,"upper_bound":976205.9795531518},"point_estimate":969553.6231791705,"standard_error":3182.125270070319},"Median":{"confidence_interval":{"confidence_level":0.95,"lower_bound":956423.125,"upper_bound":961114.7578947368},"point_estimate":959087.9247252747,"standard_error":1444.117233886438},"MedianAbsDev":{"confidence_interval":{"confidence_level":0.95,"lower_bound":6904.209681425782,"upper_bound":12391.391233234717},"point_estimate":10008.283533748217,"standard_error":1425.3431501195125},"Slope":{"confidence_interval":{"confidence_level":0.95,"lower_bound":962467.8608538286,"upper_bound":975461.11193027},"point_estimate":968427.3391428994,"standard_error":3334.3076321649473},"StdDev":{"confidence_interval":{"confidence_level":0.95,"lower_bound":20158.492529870575,"upper_bound":42433.70843856259},"point_estimate":32010.748106148454,"standard_error":5723.0389328313495}}