{"Mean":{"confidence_interval":{"confidence_level":0.95,"lower_bound":5436960.086926061,"upper_bound":5483603.368594793},"point_estimate":5459383.155431366,"standard_error":11877.315527191378},"Median":{"confidence_interval":{"confidence_level":0.95,"lower_bound":5405669.021739131,"upper_bound":5451640.428571428},"point_estimate":5422170.231160287,"standard_error":10867.229407108436},"MedianAbsDev":{"confidence_interval":{"confidence_level":0.95,"lower_bound":47445.13267723538,"upper_bound":94220.91596050959},"point_estimate":68376.14223223476,"standard_error":11667.466526701613},"Slope":{"confidence_interval":{"confidence_level":0.95,"lower_bound":5439465.457389356,"upper_bound":5476349.576327554},"point_estimate":5457487.542089553,"standard_error":9388.400403637354},"StdDev":{"confidence_interval":{"confidence_level":0.95,"lower_bound":87073.03683132917,"upper_bound":150630.34893492112},"point_estimate":119316.38380944167,"standard_error":16414.75399867264}}