{"Mean":{"confidence_interval":{"confidence_level":0.95,"lower_bound":21878004.14005171,"upper_bound":22132420.16553223},"point_estimate":21997868.645292338,"standard_error":65132.98558513801},"Median":{"confidence_interval":{"confidence_level":0.95,"lower_bound":21723920.386363637,"upper_bound":21847153.782243475},"point_estimate":21794509.937300503,"standard_error":33734.42467411116},"MedianAbsDev":{"confidence_interval":{"confidence_level":0.95,"lower_bound":184540.48404055598,"upper_bound":387618.0018323334},"point_estimate":299139.9073758547,"standard_error":49889.40720237977},"Slope":{"confidence_interval":{"confidence_level":0.95,"lower_bound":21920538.848606184,"upper_bound":22241003.149894185},"point_estimate":22067483.49699424,"standard_error":81804.31134424082},"StdDev":{"confidence_interval":{"confidence_level":0.95,"lower_bound":453460.1616239542,"upper_bound":823244.4245842503},"point_estimate":654053.1172783147,"standard_error":94303.02657837344}}