{"Mean":{"confidence_interval":{"confidence_level":0.95,"lower_bound":1888388.4652429174,"upper_bound":1904894.7037870982},"point_estimate":1896158.736234139,"standard_error":4233.084482499352},"Median":{"confidence_interval":{"confidence_level":0.95,"lower_bound":1882078.8752913754,"upper_bound":1889727.5913043479},"point_estimate":1886403.3681818182,"standard_error":2277.676811386648},"MedianAbsDev":{"confidence_interval":{"confidence_level":0.95,"lower_bound":11872.740281209399,"upper_bound":19901.341244846644},"point_estimate":15757.869617016033,"standard_error":2046.6464124498007},"Slope":{"confidence_interval":{"confidence_level":0.95,"lower_bound":1892787.472772215,"upper_bound":1912856.9575008727},"point_estimate":1902144.7740239396,"standard_error":5126.4538668269115},"StdDev":{"confidence_interval":{"confidence_level":0.95,"lower_bound":30904.81658730777,"upper_bound":51945.51674251344},"point_estimate":42543.0300976203,"standard_error":5386.741358351232}}