{"Mean":{"confidence_interval":{"confidence_level":0.95,"lower_bound":908034.5773601498,"upper_bound":957453.226911269},"point_estimate":931789.5522087878,"standard_error":12651.580561441026},"Median":{"confidence_interval":{"confidence_level":0.95,"lower_bound":855354.0,"upper_bound":901641.5970588236},"point_estimate":869081.3189591308,"standard_error":11909.003856468982},"MedianAbsDev":{"confidence_interval":{"confidence_level":0.95,"lower_bound":26184.67368607252,"upper_bound":87705.22448019285},"point_estimate":44826.14532298419,"standard_error":15531.321149079547},"Slope":{"confidence_interval":{"confidence_level":0.95,"lower_bound":891377.6511084756,"upper_bound":943450.5118839906},"point_estimate":915025.3308349343,"standard_error":13268.826503459994},"StdDev":{"confidence_interval":{"confidence_level":0.95,"lower_bound":100827.71437526176,"upper_bound":148221.85138951568},"point_estimate":126836.8116629778,"standard_error":12134.610478221894}}