{"Mean":{"confidence_interval":{"confidence_level":0.95,"lower_bound":1552282.1745247208,"upper_bound":1569942.8588699242},"point_estimate":1560497.4829037597,"standard_error":4523.768957911498},"Median":{"confidence_interval":{"confidence_level":0.95,"lower_bound":1544018.0652173914,"upper_bound":1551184.5342465753},"point_estimate":1546815.5520833335,"standard_error":1991.0297952071974},"MedianAbsDev":{"confidence_interval":{"confidence_level":0.95,"lower_bound":11922.012985511741,"upper_bound":22900.12094792699},"point_estimate":16803.746611002152,"standard_error":2815.814572349785},"Slope":{"confidence_interval":{"confidence_level":0.95,"lower_bound":1552587.829139377,"upper_bound":1572037.2396639904},"point_estimate":1561671.628272499,"standard_error":4964.9895857786705},"StdDev":{"confidence_interval":{"confidence_level":0.95,"lower_bound":30060.36405123196,"upper_bound":59558.594491959346},"point_estimate":45438.67392548518,"standard_error":7566.4063523002005}}