{"Mean":{"confidence_interval":{"confidence_level":0.95,"lower_bound":32838014.7200726,"upper_bound":33992386.415608},"point_estimate":33354929.813364778,"standard_error":296623.24385026837},"Median":{"confidence_interval":{"confidence_level":0.95,"lower_bound":32502997.45666285,"upper_bound":33607995.666666664},"point_estimate":32993473.63489736,"standard_error":255032.79002293778},"MedianAbsDev":{"confidence_interval":{"confidence_level":0.95,"lower_bound":1294735.839188844,"upper_bound":2116784.1882916363},"point_estimate":1821415.0914358562,"standard_error":204861.1344667874},"Slope":{"confidence_interval":{"confidence_level":0.95,"lower_bound":32629195.51562189,"upper_bound":33240690.669696618},"point_estimate":32932923.768370032,"standard_error":155646.23512900752},"StdDev":{"confidence_interval":{"confidence_level":0.95,"lower_bound":1554029.5499588859,"upper_bound":4287574.947226674},"point_estimate":2970095.858625277,"standard_error":729963.1229494627}}