{"Mean":{"confidence_interval":{"confidence_level":0.95,"lower_bound":78489933.40301573,"upper_bound":80547504.3179699},"point_estimate":79434840.40593138,"standard_error":526200.2688327107},"Median":{"confidence_interval":{"confidence_level":0.95,"lower_bound":78319228.44927536,"upper_bound":80117450.14102565},"point_estimate":78874013.83152959,"standard_error":423802.19020581234},"MedianAbsDev":{"confidence_interval":{"confidence_level":0.95,"lower_bound":3153504.086784317,"upper_bound":5440841.133285749},"point_estimate":4268219.959710376,"standard_error":622221.0751956612},"Slope":{"confidence_interval":{"confidence_level":0.95,"lower_bound":77634846.92850277,"upper_bound":79458917.39435025},"point_estimate":78530871.96676223,"standard_error":464213.4381687377},"StdDev":{"confidence_interval":{"confidence_level":0.95,"lower_bound":3382662.82360846,"upper_bound":7489358.733541932},"point_estimate":5280079.063566059,"standard_error":1217331.5185117084}}