{"Mean":{"confidence_interval":{"confidence_level":0.95,"lower_bound":3019672.0990335555,"upper_bound":3111840.3538630046},"point_estimate":3062298.3437238783,"standard_error":23630.854012318163},"Median":{"confidence_interval":{"confidence_level":0.95,"lower_bound":2955034.463768116,"upper_bound":2995535.192982456},"point_estimate":2977571.4715099717,"standard_error":11526.484896176422},"MedianAbsDev":{"confidence_interval":{"confidence_level":0.95,"lower_bound":51189.17366634251,"upper_bound":104896.51117561394},"point_estimate":74126.69834596517,"standard_error":14633.272794324934},"Slope":{"confidence_interval":{"confidence_level":0.95,"lower_bound":3030137.502185056,"upper_bound":3125164.534295893},"point_estimate":3075169.494230826,"standard_error":24189.180959184825},"StdDev":{"confidence_interval":{"confidence_level":0.95,"lower_bound":150074.7880336834,"upper_bound":327169.96818052244},"point_estimate":238374.3263090843,"standard_error":46846.54365276087}}