{"Mean":{"confidence_interval":{"confidence_level":0.95,"lower_bound":555655.6201279246,"upper_bound":561724.738722988},"point_estimate":558448.2144971588,"standard_error":1552.8247444373712},"Median":{"confidence_interval":{"confidence_level":0.95,"lower_bound":552075.2358490566,"upper_bound":555389.506329114},"point_estimate":553632.6052807486,"standard_error":920.4177136964195},"MedianAbsDev":{"confidence_interval":{"confidence_level":0.95,"lower_bound":4519.289861537739,"upper_bound":8725.73717235175},"point_estimate":6275.711237113253,"standard_error":1090.2471750870798},"Slope":{"confidence_interval":{"confidence_level":0.95,"lower_bound":557124.7329081005,"upper_bound":565285.2722760865},"point_estimate":560762.4384971184,"standard_error":2086.8058904044915},"StdDev":{"confidence_interval":{"confidence_level":0.95,"lower_bound":9305.119261616597,"upper_bound":21131.463960068548},"point_estimate":15600.481529377372,"standard_error":3071.9497236402954}}