{"Mean":{"confidence_interval":{"confidence_level":0.95,"lower_bound":238754.9838026114,"upper_bound":242978.81601517508},"point_estimate":240732.6249649667,"standard_error":1081.3696827173871},"Median":{"confidence_interval":{"confidence_level":0.95,"lower_bound":236073.6867260274,"upper_bound":237841.83370786518},"point_estimate":236863.67825159914,"standard_error":462.33572774912716},"MedianAbsDev":{"confidence_interval":{"confidence_level":0.95,"lower_bound":2308.5921289498,"upper_bound":5064.196746886656},"point_estimate":3501.970846038106,"standard_error":699.9244898809629},"Slope":{"confidence_interval":{"confidence_level":0.95,"lower_bound":240565.19563316938,"upper_bound":248290.28908902267},"point_estimate":244313.01503827397,"standard_error":1963.2109732258807},"StdDev":{"confidence_interval":{"confidence_level":0.95,"lower_bound":7381.0098210313145,"upper_bound":13733.428809873487},"point_estimate":10825.065610933478,"standard_error":1627.2406061012384}}