{"Mean":{"confidence_interval":{"confidence_level":0.95,"lower_bound":158543.38726632547,"upper_bound":166076.14021538864},"point_estimate":162090.74581236462,"standard_error":1928.5283841996018},"Median":{"confidence_interval":{"confidence_level":0.95,"lower_bound":152384.8780487805,"upper_bound":155613.99047619046},"point_estimate":152929.41591614907,"standard_error":833.1739795458839},"MedianAbsDev":{"confidence_interval":{"confidence_level":0.95,"lower_bound":2734.308179826001,"upper_bound":7633.6316850450685},"point_estimate":3916.9259838822636,"standard_error":1226.2683805804593},"Slope":{"confidence_interval":{"confidence_level":0.95,"lower_bound":161950.42828612088,"upper_bound":173167.69757981852},"point_estimate":167219.4182055775,"standard_error":2874.0395720280176},"StdDev":{"confidence_interval":{"confidence_level":0.95,"lower_bound":13445.929334490702,"upper_bound":24505.020792357576},"point_estimate":19427.472001100803,"standard_error":2827.344025951897}}