{"mean":{"confidence_interval":{"confidence_level":0.95,"lower_bound":1135755.7713166664,"upper_bound":1147121.3389333335},"point_estimate":1141078.626,"standard_error":2905.0610849019436},"median":{"confidence_interval":{"confidence_level":0.95,"lower_bound":1130799.8666666667,"upper_bound":1139895.6666666667},"point_estimate":1133998.0333333332,"standard_error":2197.485977747102},"median_abs_dev":{"confidence_interval":{"confidence_level":0.95,"lower_bound":15475.675045251777,"upper_bound":24440.462886094923},"point_estimate":20608.68325412278,"standard_error":2179.5792868955064},"slope":null,"std_dev":{"confidence_interval":{"confidence_level":0.95,"lower_bound":19989.56711981387,"upper_bound":38789.24188475329},"point_estimate":29179.67361550076,"standard_error":4962.337416264798}}