{"Mean":{"confidence_interval":{"confidence_level":0.95,"lower_bound":4140959.7625178443,"upper_bound":4224304.01762716},"point_estimate":4178470.0299393074,"standard_error":21383.67821914842},"Median":{"confidence_interval":{"confidence_level":0.95,"lower_bound":4092621.024110672,"upper_bound":4128105.305059524},"point_estimate":4107950.307539683,"standard_error":9177.574732472991},"MedianAbsDev":{"confidence_interval":{"confidence_level":0.95,"lower_bound":51797.777139569596,"upper_bound":110775.21855923806},"point_estimate":79473.69312483867,"standard_error":15113.255304756054},"Slope":{"confidence_interval":{"confidence_level":0.95,"lower_bound":4134115.6193495714,"upper_bound":4216778.659085255},"point_estimate":4170923.9151677256,"standard_error":21236.184688068148},"StdDev":{"confidence_interval":{"confidence_level":0.95,"lower_bound":110023.84105960777,"upper_bound":307254.6174066211},"point_estimate":215526.60839875296,"standard_error":51741.80502023433}}