{"mean":{"confidence_interval":{"confidence_level":0.95,"lower_bound":1653896.9466875,"upper_bound":1692654.4395625},"point_estimate":1672666.86,"standard_error":9855.350565262948},"median":{"confidence_interval":{"confidence_level":0.95,"lower_bound":1635538.0625,"upper_bound":1669398.5},"point_estimate":1648774.625,"standard_error":7757.613324042613},"median_abs_dev":{"confidence_interval":{"confidence_level":0.95,"lower_bound":52847.938598636545,"upper_bound":90748.27646389604},"point_estimate":64997.182846069336,"standard_error":9804.909010650103},"slope":null,"std_dev":{"confidence_interval":{"confidence_level":0.95,"lower_bound":79766.15049547068,"upper_bound":116238.36312581637},"point_estimate":99150.65098886896,"standard_error":9345.557448678695}}