{"Mean":{"confidence_interval":{"confidence_level":0.95,"lower_bound":769741.5226495551,"upper_bound":781741.2974168167},"point_estimate":775274.0595988601,"standard_error":3079.694945247884},"Median":{"confidence_interval":{"confidence_level":0.95,"lower_bound":763498.21,"upper_bound":767022.2142857143},"point_estimate":764586.1701581028,"standard_error":1042.552621135314},"MedianAbsDev":{"confidence_interval":{"confidence_level":0.95,"lower_bound":5303.446240326435,"upper_bound":10318.098777038302},"point_estimate":6868.506499756913,"standard_error":1305.3611350802219},"Slope":{"confidence_interval":{"confidence_level":0.95,"lower_bound":770151.8286010503,"upper_bound":790130.9290330498},"point_estimate":778525.1949874391,"standard_error":5230.596594511475},"StdDev":{"confidence_interval":{"confidence_level":0.95,"lower_bound":19517.424707452657,"upper_bound":40518.285929560596},"point_estimate":30767.85123178232,"standard_error":5382.13889161828}}