{"Mean":{"confidence_interval":{"confidence_level":0.95,"lower_bound":5826013.666007188,"upper_bound":5998704.061364328},"point_estimate":5908309.069138642,"standard_error":44013.291617675415},"Median":{"confidence_interval":{"confidence_level":0.95,"lower_bound":5668116.449206349,"upper_bound":5864439.166666666},"point_estimate":5763906.844733242,"standard_error":65607.2312710689},"MedianAbsDev":{"confidence_interval":{"confidence_level":0.95,"lower_bound":209835.988850654,"upper_bound":452928.920907167},"point_estimate":331971.4708490088,"standard_error":71590.04699493661},"Slope":{"confidence_interval":{"confidence_level":0.95,"lower_bound":5813019.444196557,"upper_bound":5987377.7614184925},"point_estimate":5900300.67382592,"standard_error":44344.24679359731},"StdDev":{"confidence_interval":{"confidence_level":0.95,"lower_bound":331487.1123583833,"upper_bound":545848.1545643036},"point_estimate":442744.98994371324,"standard_error":54962.43374209067}}