{"Mean":{"confidence_interval":{"confidence_level":0.95,"lower_bound":4340245.236805639,"upper_bound":4507584.321304293},"point_estimate":4419946.257574381,"standard_error":42654.52569617035},"Median":{"confidence_interval":{"confidence_level":0.95,"lower_bound":4225477.189732143,"upper_bound":4438146.296296297},"point_estimate":4316005.798913043,"standard_error":60779.68875888015},"MedianAbsDev":{"confidence_interval":{"confidence_level":0.95,"lower_bound":278801.2746028801,"upper_bound":451703.2893722049},"point_estimate":339163.32036456984,"standard_error":45322.51187361718},"Slope":{"confidence_interval":{"confidence_level":0.95,"lower_bound":4303360.484122054,"upper_bound":4467690.543088882},"point_estimate":4380404.013870252,"standard_error":41697.631681451465},"StdDev":{"confidence_interval":{"confidence_level":0.95,"lower_bound":321779.89479241404,"upper_bound":534721.3445599093},"point_estimate":429542.55066425883,"standard_error":55134.204031886096}}