{"Mean":{"confidence_interval":{"confidence_level":0.95,"lower_bound":985650.822735641,"upper_bound":998889.5188768933},"point_estimate":991915.1176018387,"standard_error":3390.042828337214},"Median":{"confidence_interval":{"confidence_level":0.95,"lower_bound":976418.025,"upper_bound":984212.2121951219},"point_estimate":980254.3783068783,"standard_error":2024.9587454839614},"MedianAbsDev":{"confidence_interval":{"confidence_level":0.95,"lower_bound":10273.053453524968,"upper_bound":18506.767656306343},"point_estimate":14524.418839120744,"standard_error":2165.2712946571523},"Slope":{"confidence_interval":{"confidence_level":0.95,"lower_bound":989351.6638733784,"upper_bound":1008211.7891092432},"point_estimate":997857.1844318014,"standard_error":4847.871834994563},"StdDev":{"confidence_interval":{"confidence_level":0.95,"lower_bound":24140.60114119706,"upper_bound":42492.478837061586},"point_estimate":34172.24549585774,"standard_error":4702.705070302382}}