{"mean":{"confidence_interval":{"confidence_level":0.95,"lower_bound":1447865.0516666665,"upper_bound":1484667.7860416675},"point_estimate":1465653.141666667,"standard_error":9370.76844992682},"median":{"confidence_interval":{"confidence_level":0.95,"lower_bound":1422383.1666666667,"upper_bound":1470624.1666666667},"point_estimate":1453675.5833333335,"standard_error":12841.384698042786},"median_abs_dev":{"confidence_interval":{"confidence_level":0.95,"lower_bound":61645.765605568886,"upper_bound":106320.85177242775},"point_estimate":86100.63442140806,"standard_error":12055.761872866236},"slope":null,"std_dev":{"confidence_interval":{"confidence_level":0.95,"lower_bound":75734.09754178842,"upper_bound":112635.53601470609},"point_estimate":94221.25255995647,"standard_error":9501.768068728725}}