{"Mean":{"confidence_interval":{"confidence_level":0.95,"lower_bound":15712397.949026905,"upper_bound":15949087.792192377},"point_estimate":15826225.031514375,"standard_error":60418.855068575176},"Median":{"confidence_interval":{"confidence_level":0.95,"lower_bound":15516960.413043479,"upper_bound":15798081.225806452},"point_estimate":15697049.615574349,"standard_error":73053.15725912325},"MedianAbsDev":{"confidence_interval":{"confidence_level":0.95,"lower_bound":347414.56172389106,"upper_bound":606701.6575522863},"point_estimate":453880.2508975439,"standard_error":65767.337064812},"Slope":{"confidence_interval":{"confidence_level":0.95,"lower_bound":15822761.520785911,"upper_bound":16186080.168718882},"point_estimate":16000374.29468302,"standard_error":92620.09527791434},"StdDev":{"confidence_interval":{"confidence_level":0.95,"lower_bound":490552.4367338697,"upper_bound":705374.4309777773},"point_estimate":607526.1453205817,"standard_error":54673.88401544071}}