{"Mean":{"confidence_interval":{"confidence_level":0.95,"lower_bound":9237544.859742913,"upper_bound":9372484.66785673},"point_estimate":9302461.857515184,"standard_error":34425.99422321853},"Median":{"confidence_interval":{"confidence_level":0.95,"lower_bound":9133414.646153845,"upper_bound":9237780.208333334},"point_estimate":9173062.484444443,"standard_error":30020.471770581702},"MedianAbsDev":{"confidence_interval":{"confidence_level":0.95,"lower_bound":155534.6394835319,"upper_bound":294031.6078759035},"point_estimate":221524.5646553873,"standard_error":35038.70901386602},"Slope":{"confidence_interval":{"confidence_level":0.95,"lower_bound":9318827.754238278,"upper_bound":9563189.407653142},"point_estimate":9442092.968361165,"standard_error":62533.50830699341},"StdDev":{"confidence_interval":{"confidence_level":0.95,"lower_bound":278120.8955404513,"upper_bound":405898.697036261},"point_estimate":346517.79810439784,"standard_error":32675.09684568896}}