{"mean":{"confidence_interval":{"confidence_level":0.95,"lower_bound":635615.1562187499,"upper_bound":641883.1531979166},"point_estimate":638623.4133333333,"standard_error":1602.9174616268915},"median":{"confidence_interval":{"confidence_level":0.95,"lower_bound":633218.9583333333,"upper_bound":637960.6458333333},"point_estimate":635331.9791666666,"standard_error":1215.0435408282256},"median_abs_dev":{"confidence_interval":{"confidence_level":0.95,"lower_bound":8207.332919603099,"upper_bound":16006.98327831924},"point_estimate":12565.374539420038,"standard_error":1908.3245928748527},"slope":null,"std_dev":{"confidence_interval":{"confidence_level":0.95,"lower_bound":12391.425522796755,"upper_bound":19672.525871770533},"point_estimate":16088.127660922597,"standard_error":1873.371383686994}}