{"mean":{"confidence_interval":{"confidence_level":0.95,"lower_bound":150623.98272848813,"upper_bound":153853.84531784407},"point_estimate":152177.852263922,"standard_error":823.730696664607},"median":{"confidence_interval":{"confidence_level":0.95,"lower_bound":149683.2288135593,"upper_bound":151237.92992424243},"point_estimate":150272.7793992557,"standard_error":373.83949849574424},"median_abs_dev":{"confidence_interval":{"confidence_level":0.95,"lower_bound":2860.1146867997745,"upper_bound":6556.676460272825},"point_estimate":4769.0364376691705,"standard_error":843.0614237297372},"slope":{"confidence_interval":{"confidence_level":0.95,"lower_bound":149872.8646805174,"upper_bound":152816.05167865226},"point_estimate":151218.13098862124,"standard_error":755.3423654781533},"std_dev":{"confidence_interval":{"confidence_level":0.95,"lower_bound":6217.91281717128,"upper_bound":10110.239608592132},"point_estimate":8311.601953548376,"standard_error":994.2143452880514}}