{"Mean":{"confidence_interval":{"confidence_level":0.95,"lower_bound":1947891.3517592344,"upper_bound":2006481.6145904593},"point_estimate":1975319.826423333,"standard_error":14943.481446304631},"Median":{"confidence_interval":{"confidence_level":0.95,"lower_bound":1898799.0333333334,"upper_bound":1916736.1653439153},"point_estimate":1905068.2441379311,"standard_error":6207.993551583074},"MedianAbsDev":{"confidence_interval":{"confidence_level":0.95,"lower_bound":24473.505075041106,"upper_bound":65233.745558253555},"point_estimate":36731.53857057101,"standard_error":11393.002550684703},"Slope":{"confidence_interval":{"confidence_level":0.95,"lower_bound":1970880.9711373188,"upper_bound":2047857.991939283},"point_estimate":2008648.2507728683,"standard_error":19665.099627516614},"StdDev":{"confidence_interval":{"confidence_level":0.95,"lower_bound":103698.89801657495,"upper_bound":193019.73949311604},"point_estimate":149828.9867669132,"standard_error":22929.31293581256}}