{"Mean":{"confidence_interval":{"confidence_level":0.95,"lower_bound":1472924.060156692,"upper_bound":1519989.461229713},"point_estimate":1493363.486460454,"standard_error":12072.378303723488},"Median":{"confidence_interval":{"confidence_level":0.95,"lower_bound":1452199.7026002165,"upper_bound":1458201.0705882353},"point_estimate":1455173.990873016,"standard_error":1774.284028800377},"MedianAbsDev":{"confidence_interval":{"confidence_level":0.95,"lower_bound":12082.52398826997,"upper_bound":23517.07946865132},"point_estimate":16773.908137274444,"standard_error":2801.372590064771},"Slope":{"confidence_interval":{"confidence_level":0.95,"lower_bound":1470719.2754055825,"upper_bound":1514359.9535609744},"point_estimate":1489234.6820393084,"standard_error":11234.956388838256},"StdDev":{"confidence_interval":{"confidence_level":0.95,"lower_bound":56727.63230162342,"upper_bound":183913.44276568393},"point_estimate":121697.01508055958,"standard_error":36228.74313999116}}