{"Mean":{"confidence_interval":{"confidence_level":0.95,"lower_bound":525194.4073386416,"upper_bound":530462.2005184804},"point_estimate":527572.139915129,"standard_error":1349.9782425187143},"Median":{"confidence_interval":{"confidence_level":0.95,"lower_bound":522960.6617647059,"upper_bound":525270.125},"point_estimate":523852.6717948718,"standard_error":551.5240171984407},"MedianAbsDev":{"confidence_interval":{"confidence_level":0.95,"lower_bound":3261.5208192944224,"upper_bound":5965.168428021169},"point_estimate":4621.470149817314,"standard_error":644.968688293268},"Slope":{"confidence_interval":{"confidence_level":0.95,"lower_bound":526431.7847164146,"upper_bound":533364.80370654},"point_estimate":529535.4618782325,"standard_error":1781.7896501145663},"StdDev":{"confidence_interval":{"confidence_level":0.95,"lower_bound":7115.10149515383,"upper_bound":18967.820762184416},"point_estimate":13417.136321179432,"standard_error":3077.8466459853094}}