{"Mean":{"confidence_interval":{"confidence_level":0.95,"lower_bound":286285.9416348398,"upper_bound":293260.9888972694},"point_estimate":289333.21880545915,"standard_error":1794.3893684238355},"Median":{"confidence_interval":{"confidence_level":0.95,"lower_bound":283360.42307692306,"upper_bound":284956.04464285716},"point_estimate":284426.8769223556,"standard_error":442.48966273524564},"MedianAbsDev":{"confidence_interval":{"confidence_level":0.95,"lower_bound":2295.8170724070715,"upper_bound":4070.387384888336},"point_estimate":3214.821941171694,"standard_error":455.2028029149176},"Slope":{"confidence_interval":{"confidence_level":0.95,"lower_bound":285860.5875915438,"upper_bound":292356.30255127273},"point_estimate":288729.0619321708,"standard_error":1667.6461924719754},"StdDev":{"confidence_interval":{"confidence_level":0.95,"lower_bound":8718.832740966438,"upper_bound":27126.86692053991},"point_estimate":18074.035512799583,"standard_error":5258.101250939171}}