{"Mean":{"confidence_interval":{"confidence_level":0.95,"lower_bound":2885730.462624342,"upper_bound":2926644.0186762884},"point_estimate":2904519.9356816025,"standard_error":10483.702361534204},"Median":{"confidence_interval":{"confidence_level":0.95,"lower_bound":2866385.0,"upper_bound":2878768.623655914},"point_estimate":2872280.5477941176,"standard_error":3313.488864538422},"MedianAbsDev":{"confidence_interval":{"confidence_level":0.95,"lower_bound":20592.289404913663,"upper_bound":34904.08377471135},"point_estimate":26763.991416148594,"standard_error":3864.0011148652434},"Slope":{"confidence_interval":{"confidence_level":0.95,"lower_bound":2876545.6118329875,"upper_bound":2903449.634676409},"point_estimate":2889034.916722329,"standard_error":6886.137474816517},"StdDev":{"confidence_interval":{"confidence_level":0.95,"lower_bound":63698.048710870324,"upper_bound":143017.5448344248},"point_estimate":105896.39537253436,"standard_error":20431.298477546476}}