{"mean":{"confidence_interval":{"confidence_level":0.95,"lower_bound":174906.55968734436,"upper_bound":177467.18884281444},"point_estimate":176129.91346058884,"standard_error":655.2563820121604},"median":{"confidence_interval":{"confidence_level":0.95,"lower_bound":173760.6375,"upper_bound":175717.26315789472},"point_estimate":175078.26326530613,"standard_error":556.2271057782074},"median_abs_dev":{"confidence_interval":{"confidence_level":0.95,"lower_bound":2886.9011326182263,"upper_bound":5199.865161221855},"point_estimate":4218.523732733368,"standard_error":609.9036621402142},"slope":{"confidence_interval":{"confidence_level":0.95,"lower_bound":174184.6549139099,"upper_bound":177356.6624333645},"point_estimate":175462.64408748338,"standard_error":835.490534656604},"std_dev":{"confidence_interval":{"confidence_level":0.95,"lower_bound":4727.329622444375,"upper_bound":8357.72724929945},"point_estimate":6586.122570019008,"standard_error":938.2395107919332}}