{"Mean":{"confidence_interval":{"confidence_level":0.95,"lower_bound":8406280.412191045,"upper_bound":8658265.927731222},"point_estimate":8528997.443448137,"standard_error":64320.253802156214},"Median":{"confidence_interval":{"confidence_level":0.95,"lower_bound":8305908.831474496,"upper_bound":8570207.818181818},"point_estimate":8405807.7771875,"standard_error":68207.63027820928},"MedianAbsDev":{"confidence_interval":{"confidence_level":0.95,"lower_bound":467162.2174964545,"upper_bound":748292.6920278491},"point_estimate":604644.4986236022,"standard_error":76993.80008240836},"Slope":{"confidence_interval":{"confidence_level":0.95,"lower_bound":8381573.637047266,"upper_bound":8633871.326983014},"point_estimate":8504081.615531255,"standard_error":64320.59318246272},"StdDev":{"confidence_interval":{"confidence_level":0.95,"lower_bound":529149.8568793148,"upper_bound":755301.2808401178},"point_estimate":646884.9229372441,"standard_error":57874.62908791406}}