{"Mean":{"confidence_interval":{"confidence_level":0.95,"lower_bound":19924863.986746676,"upper_bound":20157062.367465656},"point_estimate":20036097.53588656,"standard_error":59059.77574676036},"Median":{"confidence_interval":{"confidence_level":0.95,"lower_bound":19791395.98269231,"upper_bound":20118712.36546185},"point_estimate":19942725.690354764,"standard_error":106228.71463518881},"MedianAbsDev":{"confidence_interval":{"confidence_level":0.95,"lower_bound":492742.74247762444,"upper_bound":741394.9948570341},"point_estimate":661593.5982216608,"standard_error":63287.197445001664},"Slope":{"confidence_interval":{"confidence_level":0.95,"lower_bound":20170008.88225216,"upper_bound":20361213.221493427},"point_estimate":20272584.84434757,"standard_error":48666.9014840066},"StdDev":{"confidence_interval":{"confidence_level":0.95,"lower_bound":458200.0903511053,"upper_bound":760773.2722285487},"point_estimate":592837.5130139515,"standard_error":85902.72725673945}}