{"Mean":{"confidence_interval":{"confidence_level":0.95,"lower_bound":93413438.71954443,"upper_bound":94838557.36270389},"point_estimate":94099131.16463834,"standard_error":362769.2476168551},"Median":{"confidence_interval":{"confidence_level":0.95,"lower_bound":92398948.76923077,"upper_bound":94252604.05813953},"point_estimate":93149791.55492425,"standard_error":490460.20989013324},"MedianAbsDev":{"confidence_interval":{"confidence_level":0.95,"lower_bound":2536530.899390246,"upper_bound":4472540.908974042},"point_estimate":3340658.1153232222,"standard_error":509614.8707355131},"Slope":{"confidence_interval":{"confidence_level":0.95,"lower_bound":94037062.13313462,"upper_bound":95717669.627897},"point_estimate":94883216.47735186,"standard_error":428598.6350461289},"StdDev":{"confidence_interval":{"confidence_level":0.95,"lower_bound":2921711.8247250053,"upper_bound":4301574.363810511},"point_estimate":3636234.505569874,"standard_error":353345.9499333796}}