{"Mean":{"confidence_interval":{"confidence_level":0.95,"lower_bound":252546.36026808273,"upper_bound":261677.34742134888},"point_estimate":256918.580367728,"standard_error":2332.009878442003},"Median":{"confidence_interval":{"confidence_level":0.95,"lower_bound":242620.25,"upper_bound":250714.1024749722},"point_estimate":244334.90349264705,"standard_error":1954.4734194231949},"MedianAbsDev":{"confidence_interval":{"confidence_level":0.95,"lower_bound":3997.101295703944,"upper_bound":15089.04863570123},"point_estimate":6797.922388902111,"standard_error":2686.1743919010837},"Slope":{"confidence_interval":{"confidence_level":0.95,"lower_bound":251162.23709160642,"upper_bound":259742.54219030077},"point_estimate":255158.702109502,"standard_error":2199.4807050159498},"StdDev":{"confidence_interval":{"confidence_level":0.95,"lower_bound":18438.337478888167,"upper_bound":28544.98872005163},"point_estimate":23498.130199731288,"standard_error":2605.070249747947}}