{"Mean":{"confidence_interval":{"confidence_level":0.95,"lower_bound":43536924.751853496,"upper_bound":44643092.46827858},"point_estimate":44009701.310042486,"standard_error":285594.3611930511},"Median":{"confidence_interval":{"confidence_level":0.95,"lower_bound":43206835.889583334,"upper_bound":44186500.952380955},"point_estimate":43852824.13333333,"standard_error":262357.4462076436},"MedianAbsDev":{"confidence_interval":{"confidence_level":0.95,"lower_bound":1201392.615843592,"upper_bound":2086717.707624825},"point_estimate":1732944.0419335037,"standard_error":224391.00656245073},"Slope":{"confidence_interval":{"confidence_level":0.95,"lower_bound":43033886.15113978,"upper_bound":43933734.20775276},"point_estimate":43448540.48697503,"standard_error":229640.17870143504},"StdDev":{"confidence_interval":{"confidence_level":0.95,"lower_bound":1299974.2784087523,"upper_bound":4425320.81636146},"point_estimate":2859658.9756371207,"standard_error":944652.2003653102}}