{"Mean":{"confidence_interval":{"confidence_level":0.95,"lower_bound":10873574.67745281,"upper_bound":10964008.240002835},"point_estimate":10917184.5337434,"standard_error":23167.02727678146},"Median":{"confidence_interval":{"confidence_level":0.95,"lower_bound":10837718.94559488,"upper_bound":10897563.846697748},"point_estimate":10862448.685483871,"standard_error":14433.38960733069},"MedianAbsDev":{"confidence_interval":{"confidence_level":0.95,"lower_bound":109360.58797103255,"upper_bound":213687.0277606339},"point_estimate":151796.07742460095,"standard_error":26066.19170835459},"Slope":{"confidence_interval":{"confidence_level":0.95,"lower_bound":10867286.159426961,"upper_bound":10930417.986078475},"point_estimate":10897138.725937638,"standard_error":16121.130774860469},"StdDev":{"confidence_interval":{"confidence_level":0.95,"lower_bound":179088.38644071386,"upper_bound":285036.41602762934},"point_estimate":233124.7266989591,"standard_error":27246.478952650385}}