{"mean":{"confidence_interval":{"confidence_level":0.95,"lower_bound":132781.85439963706,"upper_bound":134619.14825970941},"point_estimate":133691.43915453556,"standard_error":467.9376300089628},"median":{"confidence_interval":{"confidence_level":0.95,"lower_bound":132611.40625,"upper_bound":134317.61959586467},"point_estimate":133338.0380471099,"standard_error":413.0849099741575},"median_abs_dev":{"confidence_interval":{"confidence_level":0.95,"lower_bound":2750.792551100602,"upper_bound":4476.990983979091},"point_estimate":3476.267486666663,"standard_error":440.9819722210435},"slope":{"confidence_interval":{"confidence_level":0.95,"lower_bound":133783.85337845536,"upper_bound":136554.6030002818},"point_estimate":135136.7741052165,"standard_error":707.1708260324181},"std_dev":{"confidence_interval":{"confidence_level":0.95,"lower_bound":3749.0208367225728,"upper_bound":5566.199584149613},"point_estimate":4701.241887791601,"standard_error":465.0841223750744}}