{"Mean":{"confidence_interval":{"confidence_level":0.95,"lower_bound":3901822.3828161582,"upper_bound":3937722.8444738965},"point_estimate":3918645.882254019,"standard_error":9185.563330730096},"Median":{"confidence_interval":{"confidence_level":0.95,"lower_bound":3882454.447368421,"upper_bound":3896938.842857143},"point_estimate":3887111.590909091,"standard_error":4012.020913894196},"MedianAbsDev":{"confidence_interval":{"confidence_level":0.95,"lower_bound":25097.16769845509,"upper_bound":48082.518919148446},"point_estimate":33093.43218471505,"standard_error":5907.014883715611},"Slope":{"confidence_interval":{"confidence_level":0.95,"lower_bound":3900885.0691575655,"upper_bound":3930348.2868214794},"point_estimate":3915244.1360425595,"standard_error":7529.954124514667},"StdDev":{"confidence_interval":{"confidence_level":0.95,"lower_bound":58742.01973171893,"upper_bound":120357.76473114165},"point_estimate":91976.38048169296,"standard_error":15644.5147934554}}