{"Mean":{"confidence_interval":{"confidence_level":0.95,"lower_bound":435411.30999638827,"upper_bound":449105.1133888615},"point_estimate":441841.8874241278,"standard_error":3503.4651637755123},"Median":{"confidence_interval":{"confidence_level":0.95,"lower_bound":423557.4154882155,"upper_bound":433693.2447916667},"point_estimate":427128.4453900709,"standard_error":2361.575770217966},"MedianAbsDev":{"confidence_interval":{"confidence_level":0.95,"lower_bound":7052.455855881292,"upper_bound":19495.01760915888},"point_estimate":11404.12855793595,"standard_error":3084.3165251805676},"Slope":{"confidence_interval":{"confidence_level":0.95,"lower_bound":441897.67481335456,"upper_bound":463955.3195835596},"point_estimate":451855.24685089407,"standard_error":5680.663649219978},"StdDev":{"confidence_interval":{"confidence_level":0.95,"lower_bound":24282.076556827386,"upper_bound":44572.31147163659},"point_estimate":35221.50296208597,"standard_error":5190.998190356484}}