{"Mean":{"confidence_interval":{"confidence_level":0.95,"lower_bound":87085070.46540354,"upper_bound":87602958.63431396},"point_estimate":87336275.57731013,"standard_error":132370.58763316507},"Median":{"confidence_interval":{"confidence_level":0.95,"lower_bound":86943681.8888889,"upper_bound":87389336.1},"point_estimate":87177209.90384614,"standard_error":104567.2642689309},"MedianAbsDev":{"confidence_interval":{"confidence_level":0.95,"lower_bound":826618.2275298887,"upper_bound":1296438.1260085874},"point_estimate":1045057.9364056552,"standard_error":120070.86642776536},"Slope":{"confidence_interval":{"confidence_level":0.95,"lower_bound":86892597.80083348,"upper_bound":87687667.68381576},"point_estimate":87265737.61377864,"standard_error":203232.99072387838},"StdDev":{"confidence_interval":{"confidence_level":0.95,"lower_bound":1007138.8119745841,"upper_bound":1627460.011350757},"point_estimate":1332988.676353882,"standard_error":158944.8673337467}}