{"mean":{"confidence_interval":{"confidence_level":0.95,"lower_bound":991123.153279412,"upper_bound":1019127.7300735301},"point_estimate":1004793.8347058825,"standard_error":7149.709144160847},"median":{"confidence_interval":{"confidence_level":0.95,"lower_bound":980832.5294117647,"upper_bound":1013127.8235294118},"point_estimate":997013.0294117647,"standard_error":8731.0554001935},"median_abs_dev":{"confidence_interval":{"confidence_level":0.95,"lower_bound":55642.1514356838,"upper_bound":87946.39144452178},"point_estimate":73122.00512535428,"standard_error":8386.47544483707},"slope":null,"std_dev":{"confidence_interval":{"confidence_level":0.95,"lower_bound":59267.60141139891,"upper_bound":84591.6061451526},"point_estimate":72058.42995220136,"standard_error":6523.689415933517}}