{"mean":{"confidence_interval":{"confidence_level":0.95,"lower_bound":2222549.4990625,"upper_bound":2258823.24225},"point_estimate":2239711.33375,"standard_error":9249.124597052682},"median":{"confidence_interval":{"confidence_level":0.95,"lower_bound":2208966.75,"upper_bound":2238113.375},"point_estimate":2223010.875,"standard_error":5968.683035856842},"median_abs_dev":{"confidence_interval":{"confidence_level":0.95,"lower_bound":52593.65880377591,"upper_bound":87820.97547836602},"point_estimate":72495.80286294222,"standard_error":9501.56430154871},"slope":null,"std_dev":{"confidence_interval":{"confidence_level":0.95,"lower_bound":67812.12996826057,"upper_bound":120247.0146201957},"point_estimate":92803.69843383979,"standard_error":13870.96128869249}}