{"Mean":{"confidence_interval":{"confidence_level":0.95,"lower_bound":10417961.723042222,"upper_bound":10495402.14807873},"point_estimate":10455599.971944798,"standard_error":19730.83050543346},"Median":{"confidence_interval":{"confidence_level":0.95,"lower_bound":10390782.212121213,"upper_bound":10492248.128205128},"point_estimate":10438013.763704795,"standard_error":25736.0924795031},"MedianAbsDev":{"confidence_interval":{"confidence_level":0.95,"lower_bound":141207.96024559948,"upper_bound":238607.3653206919},"point_estimate":180484.09917695296,"standard_error":24220.06483299637},"Slope":{"confidence_interval":{"confidence_level":0.95,"lower_bound":10459658.081119264,"upper_bound":10516726.594730098},"point_estimate":10486883.743694399,"standard_error":14568.26781309239},"StdDev":{"confidence_interval":{"confidence_level":0.95,"lower_bound":152643.67146314282,"upper_bound":247457.28448456374},"point_estimate":197605.60155226156,"standard_error":24855.581648306015}}